,id_,institutions,type_formations,telephones,adresses
0,4,Abeille Ecole Ménagère,Technique,2257 7260,"Rue C. Mayard # 207, Pétion-Ville, Port-au-Prince, Ouest"
1,221,Académie de Formation et de Perfectionnement des Cadres (Continue),Universitaire,"3617 8941, 4467 7790, 2227 6837, 4075 1060","12, rue Pacot (entre bellevue et la rue 4) Port-au-Prince, Ouest"
2,77,Académie des Sciences Pures et Appliquées,Universitaire & Technique,"3779 8259,  3925 1735","154, Lalue (ancien local du Collège Latin), Port-au-Prince, Ouest"
3,276,Académie Haïtienne des Arts Culinaires,Technique,"3808 2818, 3701 3469,  2811 0629,  3824 1789","Angle rue Duncombre et Ave Lamartiniere, Bois-Verna, Port-au-Prince, Ouest"
4,56,Académie Nationale Diplomatique et Consulaire,Universitaire,"2227 5543, 44743636","25 Ave N, Port-au-Prince, Ouest"
5,5,Aiguille Enchantée,Technique,34492029,"Cap-Haïtien, Nord"
6,174,Alliance Centre de Form. Profes. et Technique (ACFPT),Technique,"3724 0634, 4890 6607","Rte de Delmas, Port-au-Prince Ouest"
7,340,America English School & Espana,Technique,"3742 1400, 3742 1403","1ère Avenue du Travail # 5, Port-au-Prince, Ouest  Delmas 35 #2, Port-au-Prince, Ouest"
8,6,Apex Centre de Formation Professionnelle,Technique,"2223 6509, 3940 4606, 3940 4607","Autoroute de Delmas, Delmas 50, Port-au-Prince"
9,175,Atelier Ecole Professionnelle d'Ennery (AEPE),Technique,3710 5927,"Rte Cimetière Ennery, Artibonite"
10,7,Atelier Ecole Professionnelle La Gonâve,Technique,"3758 0235, 3635 6528","Anse à Galet, La Gonave, Ouest"
11,8,Ateliers de Petit Goave (Public),Technique,2287 2606,"Petit Goave, Ouest"
12,319,Business and Technology Institute,Technique,"2286 4677, 3315 6678","#78,Rue du Quai,Port-au-Prince, Ouest"
13,10,Business Institute of the West Indies,Technique,"2246 2277, 2246 0684","Delmas 77 # 1 A, Port-au-Prince, Ouest"
14,224,Canado  Technique ou Centre de Formation Professionnelle d’Haiti (CFPH),Technique,2811 9380,"157, Ave. Martin Luther King, Turgeau, Port-au-Prince, Ouest"
15,23,Cargo Freight International School,Technique,3281 0468,"Angle rue Jér,3e imp Lav ,Port-au-Prince Ouest"
16,24,CASM (Public),Technique,2222 5971,"Ruelle Mayard, au Fond, Port-au-Prince, Ouest"
17,320,Centre Cardinal Keeler,Technique,"3632 8134,  3486 7383","Varreux Rte Nle#1, Cité Soleil, Ouest"
18,285,Centre Catholique de Formation Professionnelle de Léogane,Technique,3847-1464/3646-4790/2230-5326/3713-3336,"Rte de Darbonne, Léogane, Ouest"
19,268,Centre d'Apprentissage de St Martin,Technique,2222 5921/ 3721-4156 / 4275-5709,"Campus du Centre Pilote situé à Varreux             (logement Provisoire), Ouest"
20,176,Centre d'Apprentissage des Cayes (CAC),Technique,3461-3452/ 3724-5126 / 3452 3767 4405,"Rue Charpentier, Cayes, Sud"
21,248,Centre d'Apprentissage des Soins Infirmiers des Cayes,Technique,-,"Cayes, Sud"
22,27,Centre d'apprentissage en Informatique,Technique,3766 0487  3758 8515,"Avenue Christophe,Port-au-Prince, Ouest"
23,177,Centre d'Arts Ménagers 1ère Eglise Baptiste de la rue de la Réunion,Technique,"3687 8283, 4774-8020","# 115 Rue de l'enterrement, Port-au-Prince, Ouest"
24,282,Centre d'Arts Ménagers Baptiste Eben-Ezer,Technique,"3670 8678, 3703 9987 , 3703 99 87","#54, Avenue de la Liberté, Jacmel, Sud-Est"
25,289,Centre d'Arts Ménagers Lumière,Technique,"3704 3204, 3452 7882","Simon, Sud"
26,288,Centre d'Atelier Professionnel et de Formation Sociale (Continue),Technique,"3460 3976, 3728 0532","#12, vIL.Espérance, Mirbalais, Centre"
27,266,Centre d'Economie Familliale des Abricots,Technique,3631 9591,"Abricots, Jeremie, Grand'Anse"
28,47,Centre d'Education en Informatique du Sud,Technique,2286 0039,"18, Rue Nicolas Geffrard,Cayes, 
Sud"
29,100,Centre d'Education Technique et Professionnelle de St Marc,Technique,"22792460, 3689 9710",#99 Cité Verna (St Marc) Artibonite
30,46,Centre d'enseignement professionnel des Gonaives,Technique,3862 3279,"34, Descahos, Route Nationale #1, Gonaives, Artibonite"
31,45,Centre d'Etude Professionnelle et Technique,Technique,3794 7583,"30,Toussaint Louverture à Cote des Oblats, Port-au-Prince, Ouest"
32,186,Centre d'Etudes Comm. et de Perfectionnement d'Haiti (CECPH),Technique,3421 7678,"Delmas 75 / Puit Blain,Port-au-Prince, Ouest"
33,249,Centre d'Etudes para Médical pour les Carrières Médicales de Port-au-Prince,Technique,-,"Port-au-Prince, Ouest"
34,251,Centre d'Etudes Supérieures Médicales (CESMED) de Gonaives,Technique,"2258 4096, 3741 5587","115,Avenue des Dattes,Gonaives, Artibonite"
35,187,Centre d'Informatique de Comp. et d'Administration (CINFOCA),Universitaire & Technique,"2222 7606, 2221 2883","16 Bis, Rue 4 Ave Christophe, Port-au-Prince,  
4, rue Marcelin, Delmas 65, Ouest"
36,53,Centre d'informatique et de formation commerciale,Technique,"3287 1099, 3723 8773","774, Rue St-Paul, Petit-Goave, Port-au-Prince, Ouest"
37,61,Centre d'lnformatique de Statistique et d'Administration,Technique,"2245 1748, 4150 3709","316, Route de Bourdon, Port-au-Prince Ouest"
38,280,Centre d'Organisation Départementale pour la Formation Professionnelle Dominique Savio,Technique,3709 2588,"39, Rue de la Ravine,  Jacmel, Sud-Est"
39,178,Centre de Développement sur la Côté Sud d'Haïti,Technique,"3777 9157, 3782 3315","Port-à-Piment, Cayes, Sud"
40,273,Centre de Formation Continue (Continue),Technique,"4309 9271,  2813 1413",Port-au-Prince
41,34,Centre de Formation des Enseignants du Fondamental (Public),Universitaire,2227 5963,"Martissant 1, à côté de l’Église Sainte Bernadette, Port-au-Prince, Ouest"
42,179,Centre de Formation et d'Etudes Professionnelles (CFEP),Technique,"3721 0933,  3813 0440,  3330 1531","423 Autoroute de Delmas, entre delmas 91 et 93. 
Local du Collège Gilbert Albert, Pétion-ville,  Ouest"
43,166,Centre de Formation et de Développement Economique (CFDE),Universitaire,3162 7886,"Angle Delmas 75 et Impasse Hérard # 3;
Port-au-Prince, Ouest"
44,287,Centre de Formation Fritz Lafontant,Technique,"3170 7677, 3427 1053","Corporant(Entre Mirbalais et Cange), Centre"
45,65,Centre de Formation Professionnelle (Public),Technique,3726 9556,Trou du Nord
46,180,Centre de Formation Professionnelle Café-Lampré (CFPCL),Technique,4224 3547,"Café Lompré, Port-au-Prince, Ouest"
47,39,Centre de Formation Professionnelle d'Haiti,Technique,3677 8781,"Rue Martin Luther King, Port-au-Prince Ouest"
48,181,Centre de Formation Professionnelle de la Réforme (CFPR),Technique,3706 9301,"51, Clercine 8 Prolongée, Tabarre, Ouest"
49,38,Centre de Formation Professionnelle Des cayes,Technique,"3720 8584, 32903707","Rue Générale Marion, Les Cayes, Sud"
50,267,Centre de Formation Professionnelle et d'Etudes Commerciales,Technique,3796 2087 / 3666-4198,"Rochasse, (Local du Step-by-Step), Jérémie, Haïti"
51,182,Centre de Formation Professionnelle et Tech.,Technique,3693 5364,"Cap Haitien, Nord"
52,402,Centre de Formation Professionnelle et Technique de Jacmel,Universitaire,+509,zone de Lamandou
53,307,Centre de Formation Professionnelle Juvenile Lilavois,Technique,3711-0363 / 3409-1567 / 3774-6275,"56,entre Tabarre & et 9, Port-au-Prince, Ouest"
54,298,Centre de Formation Professionnelle Mobile Foiet Joie,Technique,"2813 1232, 3484 0021","18 Tabarre 10. Blvd 15 Octobre, Port-au-Prince, Ouest"
55,213,Centre de Formation S.O.S Village (Cap Haïtien),Technique,3702 2075,"Cap Haitien, Nord"
56,102,Centre de Formation Sanitaire et Professionnel,Technique,3354 0342,"64,Rue Alexandre Pétion, Hinche, Centre"
57,40,Centre de Formation Technique et de Communication (Continue),Technique,3702-4259/2811 1944/3656-7324,"8, A. Sanon Clercine 16, Blvd Toussaint Louverture, (5 minutes après l’aéroport international, P-au-P, Haïti"
58,183,Centre de Formation Technique et Fiscal (CFTF),Technique,3728 7272,"3e Avenue du travail, Port-au-Prince"
59,140,Centre de Formation Technique et Professionnelle (Haiti Tec),Technique,"2940 4590, 2813 0109, 2813 0108","Batiment 28, Parc Industriel (SONAPI), Blvd Toussaint Louverture"
60,396,Centre de formation technique et professionnelle du Wharf de Jérémie (Public),Technique,509,"Cite Soleil, Ouest."
61,57,Centre de Recherche et de Formation en Sciences de l’Education et d’Intervention Psychologique (CREFI),Universitaire,2239 0249,"30, Rue Capois, Port-au-Prince, Ouest"
62,30,Centre de Techniques de Planification et d'Economie Appliquée (MPCE),Universitaire,"22 22 35 54, 3872 1282","Angle Rue Joseph Janvier et Blvd Harry Truman, Port-au-Prince"
63,184,Centre de Technologie en Informatique CETINFO,Technique,"3724 5036, 2227 6668","130, Ave Martin Luther King, Port-au-Prince, Ouest"
64,185,Centre de Technologie Moderne d'Haiti (CETEMOH),Technique,2228 7863 / 4978-6543 / 3743-2298,"42, Boulevard Harry Turman, Port-au-Prince, Ouest"
65,317,Centre de Technologies d'Haïti,Technique,4222 8215 / 3406 3792,"64,Duval 22. Carrefour Marasa, Ouest"
66,242,Centre des Etudes Planifiées (CEPLAEP),Technique,"3441 7071, 3112 7253, 3490 0944","9, 3eme Ruelle Riviere, Port-au-Prince, Ouest"
67,60,Centre Diocesain des Arts et Métiers,Technique,4745 2939 / 3728 2921/ 3722-9187,"51, Bergeau, Cayes, Sud"
68,372,Centre du Savoir Universel,Universitaire & Technique,3444-4512,"12, Impasse Lavisse, Avenue Christophe, Port-au-Prince, Ouest"
69,50,Centre d’Etudes Diplomatiques et Internationales,Universitaire,"3401 3549, 4408 1579 , 2226 7893","7, Rue Théodule (Entrée Hotel Christopher), Bourdon, Port-au-Prince, Haïti
P.O. 16064, Pétion-Ville, Haïti"
70,294,Centre Formation Professionnelle Notre Dame d'Altagrace,Technique,"3675 4708, 3463 4802, 3794 2136","386, Route de Delmas, Port-au-Prince, Ouest"
71,286,Centre Informatique de Formation et de Recherche,Technique,3739 5207,"106, Rues 12-13G, Nord"
72,79,Centre ménager La Vallée de Jacmel,Technique,3707 6068,"La vallée de Jacmel, Sud-Est"
73,85,Centre Ménager Marguerite D’Youville,Technique,3775 4446,"146, Avenue Panaméricaine, Pétion-Ville, Port-au-Prince, Ouest"
74,92,Centre Paramedical de Port-au-Prince,Technique,3481-8330,
75,344,Centre Paramédical International,Technique,4746-7309,"Delmas 33 #28, Port-au-Prince, Ouest"
76,90,Centre Pilote de Formation Professionnelle,Technique,"3794 4645, 2234 4842, 2270 5306","Chancerelle - Varreux, Port-au-Prince, Ouest"
77,88,Centre Polyvalent de Formation Professionnelle de Carrefour (Public),Technique,2234-4842/3794-4645,"Carrefour, Port-au-Prince, Ouest"
78,321,Centre pour la Culture et le Développement de Carice,Technique,"4872 6690, 4241 7240","Carice, Nord"
79,91,Centre Pratique de comptabilité D'informatique de Gestion et de Secretariat,Technique,3876 62 58,Port-au-Prince
80,322,Centre Professionnel d'Aquin,Technique,2287 9946,"Présbytère d'Aquin, Sud"
81,305,Centre Professionnel de la Réforme,Technique,3706 9301,"51, Clercine 8 Prolongé, Tabarre, Ouest"
82,323,Centre Professionnel des Jeunes Filles,Technique,3680-7066 /  3814-1857/3488-9921,"Delmas 60, Port-au-Prince, Ouest"
83,296,Centre Professionnel du Sacré-Coeur,Technique,3721 5540,"Rue Paul Eugène Magloire #73, Centre, Centre"
84,315,Centre Professionnel Lumière Céleste,Technique,3776 2587 / 34760576,"45, Marin, Route Nationale #1, Ouest"
85,269,Centre Professionnel Méga-Info,Technique,"3810 9315, 3422 1586","20, Village Solidarité, Route de l'Aéroport,Rue 3, Port-au-Prince, Ouest"
86,94,Centre professionnel Mont des oliviers,Technique,"3710 8972, 3378 1679","Amiral Kilik# 18b,
Nord- Ouest"
87,190,Centre Professionnel N.D du Perpétuel Secours,Technique,3476 7278,"Desmapoux, Cayes, Sud"
88,120,Centre Professionnel Notre Dame du Perpétuel Secours,Technique,"2286 8944, 3137 1028","Port-au-Prince, Ouest"
89,192,Centre Promotion Féminine Educationnelle,Technique,3805 3533,"Delmas 12, Port-au-Prince, Ouest."
90,95,Centre Specialise de leadership CSL (Continue),Technique,3887-3386,Port-au-Prince
91,96,Centre Tech. Secondaire de Hinche,Technique,3324-6298/ 3707-2652,"Hinche, Centre"
92,265,Centre Technique d'Application des Gonaïves,Technique,3821-1934,"147 bis Avenue des Dattes, Gonaives, Artibonite"
93,297,Centre Technique d'Aquin,Technique,"3461 5225, 3455 6830","Rue Monsejour, Sud"
94,25,Centre technique en informatique,Technique,2286 1677,"Rue Toussaint Louverture,Sud"
95,193,Centre Technique et Professionnel d'Haiti (CTPH),Technique,"3446 0929, 3448 9736","129, Ave barranquilla, Jacmel, Sud-est"
96,98,Centre Technique St Gérard,Universitaire & Technique,"2208 9171, 3380 7941","70, Rue Saint-Gérard, Carrefour Feuille
Port-au-Prince, Haïti
Le CTSG est dirigé par Dr. Fresnel Larosiliere )"
97,99,Centre Technique St Joseph (Jérémie),Technique,"2942 2098, 3844 2476, 3733 8486","85, Saint-Louis Rochasse,
Grand'Anse"
98,58,Centre Universitaire de Management et de Productivité,Universitaire,"2942 6453, 2227 1908, 2813-1535","Delmas 30, Port-au-Prince, Ouest"
99,55,Centre Universitaire Maurice Laroche,Universitaire,"2245 6336, 2221 5565, 3898 1079","Angle Rue des Dalles et Ave Ducoste, Port-au-Prince, Ouest"
100,62,CHEMTEK,Universitaire,509 2226 51 11 / 509 3879 47 00,"2, Rue Assad (Turgeau), Port-au-Prince ,Ouest"
101,173,Coeurs Unis Ecole Professionnelle,Technique,3498-4164 / 3715-6660,"153,Ave Magloire Amboise, Port-au-Prince, Ouest"
102,310,Collatech Info Ecole Professionnelle,Technique,4281 2433,"25, Route des Dattes, Gonaïves, Artibonite"
103,76,Collège Universitaire de Christianville,Universitaire,3721 8939/ 3406 2635,"La Colline, Gressier, Ouest"
104,103,Comp-haiti,Technique,-,"Route de Delmas,
Port-au-Prince"
105,194,Complexe de Formation Professionnelle de Poteau (COFOPROP),Technique,"3423 1993, 3780 2159","Poteau, rte Nationale #1, Gonaïves"
106,104,Complexe Technique de Marin,Technique,3409 3814,"3, Route vertailli marin, Port-au-Prince, Ouest"
107,108,Création Marseille,Technique,2288 3275 / 32 75 73 77,"Rue creac Jacmel,
sud'est"
108,109,Diesel Institute of Haiti,Technique,"2245 4252, 3734 4066/ 3744 3737 / 3744 7865","19, Rue Cheriez, Port-au-Prince, Ouest"
109,110,Don Bosco Technique,Technique,3441 5089,"Nord-est, Fort-Liberte"
110,281,Ecole Atelier de Jacmel,Technique,"3376 2227,  3760 7204","39, Avenue de la Liberté, Jacmel, Sud-Est"
111,195,Ecole D'Arts Ménagers Les dix doigts,Technique,3703 4903,"Cité résidentiel # 6, Gonaives, Artibonite"
112,260,Ecole d'Auxiliaire Dr. Edouard Joseph les carrières,Technique,3697-1672,"Hinche, Centre"
113,75,Ecole d'Auxiliaire Marie Louise de Jésus,Technique,4765-7115,"33, Rue Notre Dame, Port-de-Paix, Nord-est"
114,252,Ecole d'Auxiliaire Mercy Pidoux,Technique,3444 2208,"#59, Lalue, Port-au-Prince, Ouest"
115,247,Ecole d'Auxiliaire Myriam,Technique,3946 6551,"Port-au-Prince, Ouest"
116,367,Ecole d'Auxiliaires-Infirmières Désinor Michel,Technique,3792-5392,"28, Route des Dalles, Carrefour-Feuilles, Port-au-Prince, Ouest"
117,364,Ecole d'Infirmières de Petit-Goave,Technique,3795-3574,"55,Rue des Roulottes, La Hatte Petit Goave, OUEST"
118,135,Ecole de Commerce  Julien Craan,Technique,"3443 1974, 3346 4370","4, Angle Avenue Christophe et Rue 6 , Port-au-Prince Ouest"
119,300,Ecole de Commerce et d'Informatique,Technique,3698 1066,"Rue Républicaine de Petit Goave, Ouest"
120,264,Ecole de Communication et Techniques d’Haiti (ECOTECH),Technique,"2943 2244, 4244 3896","7, Rue Lamour Derance, Delmas 89, Port-au-Prince, Ouest"
121,171,Ecole de Formation des Cadres Professionnels Haitiens,Technique,"3420 1542, 3946 5371","Carrefour, Mont repos,
Port-au-Prince, Haiti"
122,28,Ecole de Secrétariat Bilingue Christ Roi / Christ the King (CK),Technique,"3753 0783, 2245 7111","98, Christ Roi, Bourdon, Port-au-Prince, Ouest"
123,29,Ecole de Secrétariat du Diocèse de Jéremie,Technique,3755 2713,"Grand'Anse, Jérémie"
124,197,Ecole de Technique de Travaux d'Application,Technique,"3779 4043, 3402 4275,  3374 8380, 3735 1910","116, Avenue Martin Luther King, Port-au-Prince, Ouest"
125,346,Ecole des Sciences Infirmières de la Grand'Anse,Technique,3706-9521,"112,Rue Rochasse, Jérémie, Grand'Anse"
126,234,Ecole Entreprenariale Agricole de Pandiassou,Technique,-,"Pandiassou, Hinche, Centre"
127,368,Ecole Family Memorial School of Nursing and Technology,Technique,3759-4170,"182, Delmas 28, Port-au-Prince, Ouest"
128,142,Ecole Guirlande Couture,Technique,"2223 0367, 3428 6621","17, Ruelle Alerte, Port-au-Prince, Ouest"
129,172,Ecole Hotelière d'Haiti (MT),Technique,3769 6060,"14, 1ère Impasse Lavaud, Bois Verna, Port-au-Prince"
130,271,Ecole Hoteliere Marie Auxiliatrice,Technique,"2227 5579 , 3622 5232","14, Boulevard Jean-Jacques Dessalines, Port-au-Prince, Ouest"
131,143,Ecole Menagère St-Pierre (Jacmel),Technique,4770 2427,Sud-Est
132,259,Ecole Moyenne de Laboratoire Médicale du Cap-Haitien,Technique,-,"Cap-Haitien, Nord"
133,326,Ecole Nationale Congreganiste de Charpentier,Technique,3353 9065,"Charpentier, Sud"
134,33,Ecole Nationale d'Administration Financière (Public),Universitaire,3779 3738,"Tabarre, Tabarre, Ouest"
135,347,Ecole Nationale d'Infirmières de Jérémie,Technique,3798-6565,"Rue Brouette, en face de l'Evêché, Jérémie, Grand'Anse"
136,348,Ecole Nationale d'Infirmières des Cayes,Technique,3760-8514,"Rue Monseigneur Maurice,Cayes,SUD"
137,349,Ecole Nationale d'Infirmières Notre Dame de la Sagesse du Cap-Haïtien,Technique,4685-4846,"Rue 17 Q, Cap Haitien, NORD"
138,35,Ecole Nationale de Géologie Appliquée (Public),Universitaire,2942 0252,"Building 28, Haiti-Tec, Parc Industriel SONAPI, Route de l'Aéoport, Rte Nationale # 1"
139,32,Ecole Nationale des Arts (UEH),Universitaire,4488 3000,"Rue Mgr Guilloux, Port-au-Prince, Ouest"
140,144,Ecole Nationale des Arts et Métiers,Technique,+509 3228-4920 / 2940-0992,"Portail Leogane, Port-au-Prince, Ouest"
141,36,Ecole Nationale des Infirmières de Port-au-Prince (Public),Universitaire,3443-6328,"Rue Oswald Durand, Local Faculté de Médecine, Port-au-Prince, Ouest;"
142,37,Ecole Nationale Supérieure de Technologie (Public),Universitaire,"2244 0049, 3464 2903","81 bis, Avenue Lamartinière, Bois-Verna, Port–au-Prince"
143,145,Ecole nationale Technique Professionnelle de Port de paix,Technique,3774 6664,Port-de-Paix Nord-ouest
144,20,Ecole Normale Supérieure (UEH),Universitaire,"2222 7458, 2222 3155, (509) 2226-0753","Rue Mgr Guilloux, Port-au-Prince, Ouest"
145,350,Ecole Nouvelle d'Infirmières et d'Auxiliaires de Saint-Marc,Technique,3758-8703,"268 bis, Rue Louverture, Saint Marc, Artibonite"
146,151,Ecole Profesionnelle Jacmel (Public),Technique,3868-0739 / 3770-0270 /3298-3242,"95, Rue Henry Christophe, Jacmel, Sud-Est"
147,376,Ecole Professionnelle Bande du Nord,Technique,3443 4970,"Bande du Nord, Cap haïtien, Cap Haitien"
148,158,Ecole Professionnelle Beraca,Technique,"3789 8840, 3197 2606","La Pointe, Port- de-Paix
Nord-ouest"
149,160,Ecole Professionnelle Cap Haïtien (Public),Technique,3747-7557 4746 1213 3779 2440,Cap Haïtien
150,161,Ecole Professionnelle de Dondon,Technique,"3725 8899, 3733 4325","Dondon, nord"
151,198,Ecole Professionnelle de Haute Technologie d'Haiti (EPROHATA),Technique,3470 1382,"33, Rue Christophe, K-Soleil, Centre Artibonite"
152,328,Ecole Professionnelle de la Grande Rivière du Nord,Technique,3643 9438,"Grande Rivière du Nord, Nord"
153,329,Ecole Professionnelle de Maïssade,Technique,"3360 3508, 3603 7727","Maïssade, Centre"
154,338,Ecole Professionnelle Denise Lecuyer,Technique,3458 6257,"Gros-morne, Artibonite"
155,309,Ecole Professionnelle des Phares,Technique,"339 8863, 4445 7321","51 bis, Santo Gressier, Ouest"
156,375,Ecole Professionnelle Desarmes,Technique,3761 9920,"# 10, Route du marche Desarmes, Verrettes"
157,149,Ecole Professionnelle Fondation Vincent Salésiens de Don Bosco,Technique,3454 9348,"Cap-Haïtien,Route Nationale #1, Nord"
158,162,Ecole Professionnelle Gonaïves (Public),Technique,"2274 0326, 3879 0947, 3330 9104","153, Paul Eugène Magloire,Gonaives, Artibonite"
159,163,Ecole Professionnelle J.B. Damier (Public),Technique,"2222 1126, 3730 7565","28, Rue Montalais, Port-au-Prince, Ouest"
160,164,Ecole Professionnelle Jérémie (Public),Technique,"2284 5382, 3803 9080","123, Source Dommage, Jeremie, Grand'Anse"
161,314,Ecole Professionnelle Mgr Joseph Serge Miot,Technique,3600 7104,"70, Avenue Jean Paul II, Port-au-Prince, Ouest"
162,157,Ecole Professionnelle Milot (Public),Technique,"3840 0393,   3366 9762",Nord
163,337,Ecole Professionnelle Pierre Rigway,Technique,3650 7411,"St Louis du Nord, Nord-Ouest"
164,336,Ecole Professionnelle Saint Jean Bosco Franco Pollini,Technique,3418 2991,"Bas Delmas La Saline, Port-au-Prince, Ouest"
165,270,Ecole professionnelle Saint Joseph Artisan (EPSJA),Technique,"3813 3815, 3851 0668","Communauté Ste Marie - Route de Canapé Vert - Port-au-Prince, Ouest"
166,199,Ecole Professionnelle Siloé,Technique,"2813 1069, 3753 5582","319, Rue du Centre, Port-au-Prince Ouest"
167,200,Ecole Professionnelle St Esprit,Technique,"3823 2710,  3765 9990","28-29 boulevard Cap-Haïtien, Nord"
168,335,Ecole Professionnelle St Trinité,Universitaire,"2813 0032, 3294 6406, 4687 7712","Rue des Miracles, Port-au-Prince, Ouest"
169,156,Ecole Professionnelle St-Paul de Chartres,Technique,3696 7591,"Cabaret près du Marché, Cabaret, Ouest"
170,312,Ecole Professionnelle TIMKATEC,Technique,"2227 0315, 3763 3204","83, Rue Borno Bois Morquette, 
10, Rue Derenoncourt, Pétion-Ville, Ouest"
171,74,Ecole Supérieure Catholique de Droit de Jérémie,Universitaire,2284 6816,"Brouette, Jeremie, Grand-Anse"
172,243,Ecole Supérieure d'Infirmière Jeanne Mance du Canada,Technique,3144 3257,"Delmas 39 Prolonge, Port-au-Prince, Ouest"
173,1,Ecole Supérieure d'Infotronique d'Haiti,Universitaire,"2226 4749, 3778 6922, 3615 287","2ème ruelle Nazon # 29, Bourdon, Port-au-Prince, Haïti"
174,236,Ecole Technique Frère André Guimond,Technique,"3632 8866, 3765 5659","La Vallée, Jacmel, Sud-est"
175,303,Ecole Technique Maranatha,Technique,2816 1970 /380166-42/3740-2472,"4e Avenue Bolosse, local Collège Evangelique, Port-au-Prince, Ouest"
176,153,Ero Professional Secretariat School (Continue),Technique,"2245 1793, 2245 4294","6, Route de Desprez Pacot, Port-au-Prince, Ouest"
177,152,ETSIC,Technique,-,Port-au-Prince
178,216,Faculté Craan d’Haiti,Universitaire & Technique,"3702 7220, 2813 7220, 4412 4040","# 20 de la rue Duncombe, Bois Verna, Port-au-Prince, Ouest"
179,19,Faculté d'Agronomie et de Médecine Vétérinaire (UEH),Universitaire,"2228-1972, 2228-2686","Route Nationale #1, Damien, Ministère de l’Agriculture, Port-au-Prince, Ouest"
180,16,Faculté d'Ethnologie (UEH),Universitaire,"2224 1304, 2224 1305","10, Rue Magloire Ambroise, Port-au-Prince, Ouest"
181,12,Faculté de Droit et des Sciences Economiques (UEH),Universitaire,47 69 0053,"14, Rue Oswald Durand, Port-au-Prince, Ouest;
Cap-Haïtien, Nord; Cayes, Sud; Fort-Liberté, Nord; Hinche, Centre; Jacmel, Sud-est"
182,13,Faculté de Linguistique Appliquée (UEH),Universitaire,3834 7351,"Rue Dufort # 38, Bois Verna, Port-au-Prince, Ouest"
183,14,"Faculté de Médecine, de Pharmacie et Technologie Médicale (UEH)",Universitaire,2813 9026 / 2811 0286,"89, Rue Oswald Durand, Port-au-Prince, Ouest 
3, Rue Pacot (Local ONAVC), Port-au-Prince, Ouest"
184,11,Faculté des Sciences (UEH),Universitaire,3451 6959 / 2942 1923,"Angle Rues Joseph et Mgr Guilloux, Port-au-Prince, Ouest"
185,64,Faculté des Sciences Appliquées,Universitaire,3734-2035/3443-7452/2227-1994/2927-1995,"Rue Capois, Port-au-Prince"
186,17,Faculté des Sciences Humaines (UEH),Universitaire,4799 7959,"Ave Christophe, Port-au-Prince, Ouest"
187,362,Faculté des Sciences Infirmières de l'Université Anténor Firmin,Technique,3464-9407,"Entrée Kiteyo, Cité Chauvel,Cap Haïtien, Nord"
188,15,Faculté d’Odontologie (UEH),Universitaire,2222 4446,"Rue Oswald Durand, Port-au-Prince"
189,202,Femme 2000,Technique,"3740 4974, 3740 9774, 3462 5626","6, Impasse Jeannot, Turgeau, Port-au-Prince, Ouest"
190,150,Femme Actuelle 2000,Technique,"3868 8971, 2227 9087","18 Delmas 40-B
 à l'étage, Port-au-Prince, Ouest"
191,290,Gamma Training Centre de Formation Entrepreneuriale (Continue),Technique,3751 9038,"514, Delmas 66, Port-au-Prince, Ouest"
192,299,Global Technology School,Universitaire & Technique,"3785 3232, 3876 8686, 4242 5544","Autoroute de Delmas # 25, en face de Delmas 103, Port-au-Prince, Ouest"
193,147,Grand Anse 2000,Technique,4464 8399,Grand'Anse
194,83,Grand Séminaire Notre-Dame,Universitaire,-,"Turgeau, Port-au-Prince, Ouest"
195,351,Haïti Paramédical Center,Technique,3748-3768,"120, Rue Lamour Madeline Cap-Haïtien, Nord
Delmas 19,Ouest"
196,377,Haiti Technique Informatisée,Technique,4713 9125,"9, Rue Villejoint, Delmas 75, Port-au-Prince, Ouest"
197,263,Help School of Nursing,Universitaire & Technique,"3717 8039, 3600 8630","Léogane, Ouest"
198,369,Infoworld University,Technique,3417-6210,"Delmas 29 , Port-au-Prince, Ouest"
199,203,INPROJUBEL,Technique,3477 2158,"#3, Impasse Colon, Turgeau, Port-au-Prince Ouest"
200,356,Insitut Supérieur des Sciences Infirmières et Techniques Jenner,Technique,3637-9550,"Route de Mais gate, Port-au-Prince, Ouest"
201,136,Institut Adventiste Franco Haïtien,Technique,2813-1111 / 2813-1616 / 2813-1777,"Diquini 63, Route de la Mairie de Carrefour"
202,132,Institut d'Art et de Haute Couture Moderne,Technique,-,Ouest
203,255,Institut d'Enseignement Chrétien Siloe (Cayes),Technique,3861 1607,"51, Ruelle Casseus, Avenue Carthagena, Deux-Mapoux, Cayes, Sud"
204,244,Institut d'Enseignement Chrétien Siloé de Port-au-Prince,Technique,"2813 1069, 3753 5582","319, Rue du Centre, Port-au-Prince, Ouest"
205,131,Institut de Comptabilité de Gestion de Secrétariat et d'Informatique,Technique,3764 5179,Nord-Ouest
206,217,Institut de Formation des Cadres,Universitaire,"3680 8558, 3434 2028, 2226 1427, 3434 2028","7-9, Avenue N, Port-au-Prince, Ouest 
68, BLVD Jean Jacques Dessalines, Mirebalais, Centre"
207,391,Institut de formation en gestion pour la Logistique (Continue),Technique,"2278 3635, 4038 3475, 3408 3561","Delmas 83, Port-au-Prince, Ouest"
208,235,Institut de Formation Hôtelière et Touristique,Technique,"2230 5826, 2811 9828","Route Nationale #2,Faugasse (à dix minutes de la ville des Cayes), Cayes, Sud"
209,308,Institut de Formation Technique et Professionnelle,Technique,"2812 1314, 2214 2080","#22, 1ere Impasse Lavaud, Avenue Lamartière, Port-au-Pricne, Ouest"
210,275,Institut de Management Territorial d’Etudes et de Recherche Politiques,Universitaire,2811 5958,"20, Avenue Lamartinière, Bois-Verna (Bureau 27), Port-au-Prince, Ouest"
211,238,Institut de Nursing Appliqué,Technique,3828 0066,"#29, Delmas 29"
212,240,Institut de Nursing Elodie Mailloux,Technique,"36 01 1053,  3780 7878","# 95, Rue Alerte, Port-au-Prince, Ouest"
213,370,Institut de Nursing et de Laboratoire COPSA,Technique,4748-8080,"61, Route de Pivert, Saint Marc, Artibonite"
214,239,Institut de Nursing Rosette Poletti (INUROP),Technique,"3177 8211, 4039 2121","9, Avenue N., Port-au-Prince, Ouest"
215,311,Institut de Technologie Agricole des Gonaïves,Technique,3800 7568,"Gonaïves, Artibonite"
216,49,Institut des Hautes Etudes Commerciales et Economiques,Universitaire,"3236 4915, 4756 8966, 4381 6947","275, Ave John Brown(Lalue), Port-au-Prince, Ouest"
217,262,Institut des Hautes Etudes Paramedicales de la Caraïbe (ISHEPAC),Technique,3774 3401/ 3676-2902,"5, Rue 3, Avenue Christophe, Port-au-Prince, Ouest"
218,279,Institut des Sciences Appliquées,Technique,3813-3781,"61,Source Dommage, Grand'Anse"
219,139,Institut des Sciences Infirmières et de Technologie Médicale de Miragoane,Technique,3703 4296 / 3774 1646,"Rue Ducoste,
Port-au-Prince"
220,384,"Institut des sciences, des technologies et des études avancées d’Haïti",Universitaire,"3636 3607, 4769 0404,  3777 8999","Rue 20A, Cap Haitien, Nord 
10, Rue Mercier-Laham, Delmas 60 Musseau,Port-au-Prince Ouest
Route Nationale #2, Bergeaud, Local du lycée Claudy Museau et de l'Université Publique du Sud aux Cayes 
148 Rhode II, Hinche, Centre"
221,353,Institut des Soeurs Hyacinthe,Technique,3401-3292,"42, Rue Mais Gate, Port-au-Prince, Ouest"
222,215,Institut Haïtien des Sciences Administratives (IHSA),Universitaire,3443 1974,"Angle Avenue Christophe et rue 6, no 4, Port-au-Prince, Ouest"
223,218,Institut Lope de Vega,Technique,3401 8659 /222 710 10,"22, rue Lavaud , Port-au-Prince Ouest"
224,237,Institut Louis Pasteur,Technique,3788-2874 / 2940-1001,"99, Rue Oswald Durand, Port-au-Prince, Ouest"
225,341,Institut Miguel De Cervantes,Technique,"3701 9279, 3821 6531","#21, Rue Rébecca, Pétion-Ville, Ouest"
226,18,"Institut National d'Administration, de Gestion et des Hautes Études Internationales (UEH)",Universitaire,"2221 7878, 2221 7837  222 54 04 , 222 02 85","160, Ave Christophe, Port-au-Prince, Ouest"
227,354,Institut Paramédical Bilingue Raymond Sabouraud,Technique,3738-0590,"29, Avenue Poupelard , Port Au-Prince , Haiti"
228,355,Institut Paramédical du Millénium des Cayes,Technique,4733-0490,"101, Boulevard des quatre chemins, Cayes, SUD"
229,254,Institut Paramédical Louis Pasteur,Technique,"2940 1001,  3779 6575","99, Rue Oswald Durand, Port-au-Prince, Ouest"
230,334,Institut Professionnel Judith Bellegarde,Technique,2245 7884,"#3, Impasse Colon Turgeau, Port-au-Prince, Ouest"
231,205,Institut Sacré-Coeur des Etudes Professionnelles et Commerciales,Technique,3767 9410,"Cap-haitien, Nord"
232,258,Institut Sanitaire du Nord,Technique,3137 0216,"Rue 22 B, Cap Haïtien, Nord"
233,365,Institut St-Pierre de Formation,Technique,3449-8569,"Rue 4 et 5, Cap Haïtien, Nord"
234,127,Institut Supérieur d'Administration et de Gestion,Universitaire & Technique,"3346 7556,  3630 1535","170, Avenue Jean Paul II, Turgeau, Port-au-Prince, Ouest"
235,366,Institut Supérieur d'Etudes Paramédicales,Technique,3760-6306  / 3718 1774,"Pemerle, Lycée Saint-Joseph, Fond-des-Nègres, NIPPES"
236,80,Institut Supérieur de Recherche et de Développement Technologique,Universitaire & Technique,"2940 3041,  3407 9041,  3424 3041","23, bis Ave. Martin Luther King Nazon, Port-au-Prince, Ouest"
237,82,Institut Supérieur de Technologie Médicale du Cap-Haïtien,Universitaire & Technique,3708 84 66 / 3376 0740,"Rue 17 Q, Cap Haïtien, Nord"
238,70,Institut Supérieur des Sciences Economiques Politiques et Juridiques,Universitaire,"2245 6583, 2245 3794","180, Lalue(en face de l’Immigration), Port-au-Prince, Ouest"
239,31,Institut Supérieur d’Etudes et de Recherches en Sciences Sociales (UEH),Universitaire,2516 7223,"13, 2ème Impasse Lavaud, Port-au-Prince, Ouest"
240,126,Institut technique Carenage,Technique,"2262 1663, 2262 3564","Rue 25, 26 A, Cap-Haitien"
241,225,Institut Universitaire de l’Ouest,Universitaire,"3868 5160, 3448 9383, 3224 0005","8, Rue Duncombe , Bois verna, Port-au-Prince, Ouest"
242,278,Institut Universitaire et Technologique d'Haïti,Universitaire,"3806 3945, 3632 5354 , 3693 7605","53, Avenue N, Port-au-Prince, Ouest"
243,42,Institut universitaire Quisqueya-Amérique,Universitaire,2944 0199/2941-8289,"Tabarre 43, Blvd 15 Octobre, Port-au-Prince, Ouest"
244,256,Institut Verlaine Jacques (Gonaives),Technique,4383 7170,"Gonaives, Artibonite"
245,206,Institution Chrétienne de Technologie et d'Agriculture (ICTA),Technique,"3758 4283, 2510 4562","Léogane, Port-au-Prince"
246,316,Institution de Formation Standard en Administration,Technique,"3732 7515,  3360 6703",Ouest
247,207,Institution de Formation Standard et Universelle d'Haiti (IFOSUH),Technique,3808-5451/ 3357-2039,"25, Rue Geffrard, St Marc, Artibonite"
248,208,Institution de Formation Technique des Cayes (INFOTEC),Technique,3753 2103,"Ave Cartagena prolongé, Cayes, Sud"
249,374,Institution Polytechnique de l’Avenir,Technique,3745-2444 / 3797-7762,"19,Rte Nle 1 Gattereau 19 ,Gonaives"
250,72,Institution Universitaire des Sciences Juridiques et de Développement Régional,Universitaire,3751 9473,"449, Rte du Bel Air, Cap-Haïtien"
251,292,International Academy Centre d'Etudes Commerciales d'Administration et Informatique,Universitaire & Technique,"2813 8047, 3410 0567","161, Rue 4 Avenue Christophe, Port-au-Prince, Ouest"
252,304,Korean-Haitian Professional School,Technique,"2230 1473, 4799 8282, 3853 4877","Caracol EKAM, Nord-Est"
253,392,Lady Marlene Institute and Beauty Culture,Technique,"32821766,36658025","2, Delmas 25, Port-au-Prince, Ouest"
254,123,Maison ménagère Anne Marie Desvarieux,Technique,"3680 4737,  3721 0954","118,Ave.Jean-Paul II, 
Turgeau, Port-au-Prince, Ouest"
255,302,Majesty Professional School,Technique,"4888 7652, 3364 2782","20, Rue Desdunes Mahotière 81, Carrefour, Ouest"
256,122,Mathilde V. Den Berghe,Technique,3748 7311,"2, Santo 25 Prolonge,Port-au-Prince, Ouest"
257,333,MDC Formation Ecole Professionnelle des Métiers du Secrétariat et des Techniques Bancaires,Technique,3705 8691,"11, Rue Biassous Delmas 31, Port-au-Prince, Ouest"
258,211,Ministère de l'Espoir Vivant  (EPMEV),Technique,"3732 0387, 3719 6124","Lambi 5, Rue Carl Girault, Mariani, Port-au-Prince Ouest"
259,261,Mission Bon Samaritain International School of Nursing,Technique,"3695 2042, 3853 3088","26, Rue O. Lucien, Tabarre 25, Port-au-Prince, Ouest"
260,212,Modern Center School,Technique,3728 2388,"# 2 ET # 6 Ruelle Paloma, Truitier carrefour, Ouest"
261,121,Modern Technology School,Technique,"4858 9015, 2226 3154, 2245 9086","5, Bois Patate, Port-au-Prince, Ouest"
262,284,Nouvelle Technologie Boschiose,Technique,3759 0866,"Delmas 16, Port-au-Prince, Ouest"
263,357,Organisation Pour le Développement de la Commune de Mirbalais,Technique,3656-4235 3689-1778,"#4, Grand rue, Mirebalais"
264,272,Paodes- Université,Universitaire & Technique,"2228 2733, 3476 9461,47 23 38 09","26, Angle rue 5& rue de la Montagne, Pacot, Port-au-Prince, Ouest"
265,306,Référence Ecole Professionnelle,Technique,4747 2381,"43, Waney 93, Carrefour, Ouest"
266,233,Séminaire de Théologie Evangélique de Port-au-Prince,Universitaire,2223 0271,"261, Route des Dalles, Bolosse, Port-au-Prince, Ouest"
267,117,Sen Jan Bosco,Technique,3723 5523,"Cité Soleil, Port-au-Prince,Ouest"
268,241,SICA Nursing School,Technique,"3446 1028, 3692 5346","25, Rue Stella, Delmas 39, Port-au-Prince, Ouest"
269,116,SkyNet Center,Technique,"3800 3431,  4410 5050","97,Ave. Christophe, 
Port-au-Prince, Ouest"
270,358,Société d'Enseignement technico-Professionnel,Technique,3756-2299,"267,Rue Dumarsais Estimé, Port-de-Paix, Nord Ouest"
271,114,St Pierre Claver,Technique,"4641 0061, 2274 0732, 2274 0663","129, Rue Louverture, Pétion-Ville, Port-au-Prince, Ouest"
272,113,St Surin Manigat (Public),Technique,"2221 3091, 3489 5297","Martissant 7, Carrefour"
273,112,Tek-DEV,Technique,3411 6053,"#8,Rue Stephen Musseau, Ouest"
274,111,The International School (Garage),Technique,-,"Ave Jean Paul II # , Turgeau, Port-au-Prince"
275,283,TRANSVERSAL (Continue),Technique,3871 1662,"9, Avenue Lamartinière Bois Verna, Port-au-Prince, Ouest"
276,332,UNEP,Technique,3750 4041,"Port-au-Prince, Ouest"
277,214,Union Service Info Ecole Professionnelle,Technique,3622 1491  / 4444 1787,Grande Rivière du Nord
278,291,UNISCHOOL,Technique,3461 6532,"#28, 2ème Rlle Jérémie, Port-au-Prince, Ouest"
279,330,Unitech-Info,Technique,,"105, Avenue des Dates, Gonaïves, Artibonite"
280,318,Unity School of Business,Technique,"3444 5052, 3711 1887","#12, Impasse St Juste Christ-Roi, Port-au-Prince, Ouest"
281,59,Université Adventiste d’Haïti,Universitaire,"2813 1111, 2813 1616","63, Route de la Mairie de Carrefour, Diquini, Ouest."
282,2,Université Américaine des Sciences Modernes d'Haiti,Universitaire,"3358 0841, 3197 4762, 3811 1749, 3664 0716","16 Bis, Avenue Christophe, Rue 4 et Delmas 65 rue Marcelin #4"
283,399,Université Anténor Firmin,Universitaire,(509) 3464-9408,"Entrée Kiteyo, Cité Chauvel, Cap-Haïtien, Haïti"
284,54,Université Autonome de Port-au-Prince,Universitaire,"2228-1881 ,2228 1882, 3484 3115","5, Campus de Santo 25, Croix-des-Bouquets, Port-au-Prince 148, Rhode, Hinche, Centre"
285,43,Université Caraïbes,Universitaire,3209-1653 / 2816-1027/ 4629-9068,"7, Delmas 29, Port-au-Prince; Montrouis; La Gonâve"
286,51,Université Chrétienne du Nord d’Haïti,Universitaire,3777 1327,"Limbé, Nord"
287,398,Université de Fondwa,Universitaire,509 4090 9090/ 509 2813 1926,"31 rue Chériez, Canapé-vert, Port-au-Prince, Haïti 
Jacmel"
288,277,Université de la Renaissance d’Haïti,Universitaire,"3630 1535,  3346 7556","Avenue Jean Paul II, Turgeau, Port-au-Prince, Ouest"
289,3,Université de Port-au-Prince,Universitaire,"2813 0591, 2813 0589","19, Rue Rivière, Canapé-Vert, Port-au-Prince"
290,68,Université Episcopale d’Haïti,Universitaire,3407 2742 / 2227 7962 / 2227 7963,"14, Rue Légitime (Champ de Mars) à côté du corps des Sapeurs-pompiers , Port-au-Prince, Léogane, Ouest; Cayes, Sud"
291,325,Université et Ecole de Commerce André E. Laroche,Universitaire & Technique,2817 8989 / 3473 0300/  3173 7528,"130, Rue des Miracles et 106 Turgeau, Port-au-Prince, Ouest"
292,373,Université Franco-Haïtienne du Cap-Haïtien,Universitaire,22 60 46 71 /  28 17 19 63 /  46 03 03 68,"391, Carrefour La Chaux, Petite Anse, Cap Haïtien, Nord"
293,52,Université GOC,Universitaire,"2912 0101,  3401 3066","1, Impasse Alouette (Ave ML King), Port-au-Prince, Ouest"
294,342,Université Inuka,Universitaire,"2941 0106, 2941 8289, 2941 0106","Tabarre 43, Blvd 15 Octobre, Port-au-Prince, Ouest"
295,71,Université Jean Price-Mars,Universitaire & Technique,"4374 7278, 3618 2487, 3683 4059, 2817 6071","7, Delmas 89, Rue L. Derance Imp. Oseille, Port-au-Prince, Ouest

49, Bois-Verna, Port-au-Prince, Haïti"
296,339,Université la Pléiade d'Haïti,Universitaire,"3420 1542,   3691 6702","Avenue Christophe #172, Port-au-Prince, Ouest
Rue Marcelin #34,Port-au-Prince, Ouest"
297,66,Université Lumière / MEBSH,Universitaire,"3730 3716, 3947 2971, 3827 4635","29, rue O , Port-au-Prince, 29, Rue O ; 14, 1ere Ruelle Riviere,Port-au-Prince, Ouest Petit-Goâve,Cayes, Sud"
298,78,Université Métropole d'Haïti,Universitaire,3815 9518,"Fond des Nègres, Route Nationale #2, Sud 
Avenue Christophe, Port-au-Prince, Ouest   Cayes, Sud  Cotes-de-Fer, Sud-Est"
299,44,Université Notre Dame d'Haïti,Universitaire,"2245 9522, 2812 4090-95, 3701-2230","20, Rue Garoute Pacot; 6, rue Sapotille, Pacot; 8, rue Baussan, Turgeau; 129, John Brown, Lalue, Port-au-Prince
126, Avenue John Brown (Ancien Local le Manoir), Port-au-Prince, Ouest
UNDH : 12, rue Sténio Vincent, Salle Jeanne D’Arc, CAYES
UNDH : 90, Rue 18 et L. Cap-Haitien
UNDH : 23, Avenue de Dattes, Gonaïves.
UNDH : Route Nationale no3, Sapaterre, Hinche"
300,231,Universite Nouvelle Grand Anse,Universitaire,"3634 5608, 3780 7722","Maison de la Grand Anse, 183 Angle Nord Alexis et Ave Poupelard
Décadé, km5, Route Jérémie, Les Irois, Grand Anse"
301,232,Université Para Medical (Université Bellevue),Universitaire,"2228 1541, 3890 0890","1, Rue Barreau Fontamara 27, Port-au-Prince, Ouest"
302,222,Université Providence d'Haïti,Universitaire,"3434 7255, 3721 1494, 3727 7676","9, Delmas 75, Rue Catalpa, Impasse Borno, Port-au-Prince, Ouest 
Campus Universitaire à Balan, Ganthier, blvd de l’université."
303,227,Université Publique de l'Artibonite aux Gonaives,Universitaire,"4789 2929,  3299 3642, 3619-8903, 3113-0646","45, rue Chrysostome 
Humbert, Gonaïves, Nord"
304,400,Université Publique de la Grand'Anse,Universitaire,509 3881 3225/,"Château, Jérémie, Grand'Anse"
305,343,Université Publique du Centre,Universitaire,"2811 0534 ,  2811 0533,  2811 1499","Papaye Hinche, Campus principal, Centre  Mirebalais, 154 Boulevard Jean Jacques Dessalines, Centre"
306,226,Université Publique du Nord (UPNCH),Universitaire,"3859 0016, 3687 5956, 3139 1748, 2260-3165, 3","Face au Village SOS Balan,
Habitation Baudin, Cap-Haitien, Nord"
307,230,Université publique du Sud (Cayes),Universitaire,"4895 1570 , 15 71 ,15 72, 3213-3320","Bergeaud, Route Nationale # 2, B.P. 131, Cayes, Sud"
308,397,Université Publique du Sud-Est à Jacmel,Universitaire,509 3691-0116 / 509 4703-8783,"Route de Meyer, Jacmel, Haïti"
309,48,Université Quisqueya,Universitaire,"2940 4587, 2817 2225, 2940 4584","218, Ave Jean Paul 2 , Turgeau, Port-au-Prince, Ouest"
310,359,Université Roi Henri Christophe,Technique,3324-9010,"20, Route Bel-Air, Cap Haitien, Nord"
311,371,Université Royale,Universitaire,3451-1227 / 3706-3223/ 2817 3413,"24, Debussy, Port-au-Prince, Ouest"
312,360,Université Valparaiso,Technique,3673-4444,"99,Rue Notre Dame, La coupe, Port-de Paix, Nord Ouest"
313,361,Université Wesleyenne d'Haïti School of Nursing Sciences,Technique,4659-3497,"5, Rue Hopital, La Gonave, Ouest"
314,301,Vocational School of Mercy & Sharing,Technique,"4757 5655,  3370 9702","Mercy & Sharing Fonds Baptiste Williamson, Ouest"
